排名,学校名称,地区,类别,专业,人气值
1,厦门大学,福建,综合类,开设专业,2359.1万
2,武汉大学,湖北,综合类,开设专业,2014.3万
3,四川大学,四川,综合类,开设专业,1941.4万
4,北京大学,北京,综合类,开设专业,1704.9万
5,中山大学,广东,综合类,开设专业,1660.9万
6,清华大学,北京,综合类,开设专业,1635.5万
7,中南大学,湖南,综合类,开设专业,1483.7万
8,浙江大学,浙江,综合类,开设专业,1463.9万
9,山东大学,山东,综合类,开设专业,1394.7万
10,西南大学,重庆,综合类,开设专业,1363.3万
11,南京大学,江苏,综合类,开设专业,1363.1万
12,西南交通大学,四川,理工类,开设专业,1312.3万
13,上海交通大学,上海,综合类,开设专业,1311.6万
14,苏州大学,江苏,综合类,开设专业,1305.4万
15,郑州大学,河南,综合类,开设专业,1294.1万
16,重庆大学,重庆,综合类,开设专业,1289.6万
17,南华大学,湖南,综合类,开设专业,1269.8万
18,复旦大学,上海,综合类,开设专业,1260.4万
19,吉林大学,吉林,综合类,开设专业,1212.9万
20,青岛大学,山东,综合类,开设专业,1185.5万
21,长安大学,陕西,理工类,开设专业,1176.7万
22,天津大学,天津,理工类,开设专业,1174.5万
23,华南理工大学,广东,理工类,开设专业,1173万
24,华中科技大学,湖北,理工类,开设专业,1151.2万
25,北京邮电大学,北京,理工类,开设专业,1124.6万
26,湖南大学,湖南,综合类,开设专业,1100.7万
27,东南大学,江苏,综合类,开设专业,1095.5万
28,同济大学,上海,理工类,开设专业,1069.6万
29,中国海洋大学,山东,综合类,开设专业,1063.5万
30,中国人民大学,北京,综合类,开设专业,1056.9万
31,海南大学,海南,综合类,开设专业,1046.9万
32,大连理工大学,辽宁,理工类,开设专业,1036.5万
33,青岛理工大学,山东,理工类,开设专业,1034.4万
34,西安交通大学,陕西,综合类,开设专业,1028.7万
35,上海大学,上海,综合类,开设专业,1020.7万
36,武汉理工大学,湖北,理工类,开设专业,1017.1万
37,济南大学,山东,综合类,开设专业,998.9万
38,成都理工大学,四川,理工类,开设专业,998.8万
39,南开大学,天津,综合类,开设专业,993.9万
40,西南财经大学,四川,财经类,开设专业,985.3万
41,北京理工大学,北京,理工类,开设专业,974.8万
42,东北大学,辽宁,理工类,开设专业,972.3万
43,江南大学,江苏,综合类,开设专业,968.8万
44,南昌大学,江西,综合类,开设专业,948万
45,电子科技大学,四川,理工类,开设专业,941.3万
46,烟台大学,山东,综合类,开设专业,923.2万
47,哈尔滨工业大学,黑龙江,理工类,开设专业,921.9万
48,兰州大学,甘肃,综合类,开设专业,901.6万
49,北京师范大学,北京,师范类,开设专业,890.9万
50,中南财经政法大学,湖北,财经类,开设专业,888.1万
51,昆明理工大学,云南,理工类,开设专业,886.5万
52,上海中医药大学,上海,医药类,开设专业,886万
53,上海财经大学,上海,财经类,开设专业,884.2万
54,华东师范大学,上海,师范类,开设专业,880.3万
55,河南大学,河南,综合类,开设专业,866.2万
56,暨南大学,广东,综合类,开设专业,863.4万
57,深圳大学,广东,综合类,开设专业,861.4万
58,河南科技大学,河南,综合类,开设专业,843.9万
59,山东科技大学,山东,理工类,开设专业,828.5万
60,中央财经大学,北京,财经类,开设专业,827.9万
61,北京航空航天大学,北京,理工类,开设专业,805.6万
62,重庆工商大学,重庆,财经类,开设专业,805.5万
63,扬州大学,江苏,综合类,开设专业,796.6万
64,河南理工大学,河南,理工类,开设专业,791.1万
65,山东理工大学,山东,理工类,开设专业,788.8万
66,合肥工业大学,安徽,理工类,开设专业,779.2万
67,天津理工大学,天津,理工类,开设专业,776.8万
68,西北工业大学,陕西,理工类,开设专业,772.9万
69,大连海事大学,辽宁,理工类,开设专业,769.8万
70,河海大学,江苏,理工类,开设专业,765.5万
71,广州大学,广东,综合类,开设专业,763.3万
72,中国传媒大学,北京,艺术类,开设专业,750.8万
73,西安电子科技大学,陕西,理工类,开设专业,750.5万
74,天津科技大学,天津,理工类,开设专业,747.4万
75,青岛科技大学,山东,理工类,开设专业,731万
76,山东建筑大学,山东,理工类,开设专业,728.9万
77,西北大学,陕西,综合类,开设专业,726.3万
78,中国民航大学,天津,理工类,开设专业,724.1万
79,南京理工大学,江苏,理工类,开设专业,722.4万
80,太原理工大学,山西,理工类,开设专业,717.8万
81,重庆理工大学,重庆,理工类,开设专业,717.1万
82,天津商业大学,天津,财经类,开设专业,716.6万
83,华北水利水电大学,河南,理工类,开设专业,713.9万
84,山东财经大学,山东,财经类,开设专业,713.9万
85,华东理工大学,上海,理工类,开设专业,710.1万
86,西北农林科技大学,陕西,农林类,开设专业,708.4万
87,四川师范大学,四川,师范类,开设专业,705.8万
88,集美大学,福建,综合类,开设专业,702.4万
89,河南财经政法大学,河南,财经类,开设专业,699万
90,重庆医科大学,重庆,医药类,开设专业,697.1万
91,云南大学,云南,综合类,开设专业,694.2万
92,南京航空航天大学,江苏,理工类,开设专业,693.4万
93,上海理工大学,上海,理工类,开设专业,692.2万
94,北京交通大学,北京,理工类,开设专业,675.2万
95,华北电力大学,北京,理工类,开设专业,664.3万
96,天津师范大学,天津,师范类,开设专业,659.8万
97,天津财经大学,天津,财经类,开设专业,657.8万
98,西南政法大学,重庆,政法类,开设专业,657.7万
99,大连交通大学,辽宁,理工类,开设专业,657.3万
100,鲁东大学,山东,综合类,开设专业,655.8万
101,华中师范大学,湖北,师范类,开设专业,652.5万
102,北京工业大学,北京,理工类,开设专业,643.8万
103,长沙理工大学,湖南,理工类,开设专业,639.4万
104,东北财经大学,辽宁,财经类,开设专业,636.8万
105,南京师范大学,江苏,师范类,开设专业,634.1万
106,天津工业大学,天津,理工类,开设专业,631.8万
107,江西财经大学,江西,财经类,开设专业,631.5万
108,重庆交通大学,重庆,理工类,开设专业,630万
109,西华大学,四川,综合类,开设专业,627.4万
110,南京财经大学,江苏,财经类,开设专业,626.1万
111,长江大学,湖北,综合类,开设专业,624.7万
112,湘潭大学,湖南,综合类,开设专业,624.3万
113,重庆邮电大学,重庆,理工类,开设专业,623.8万
114,上海师范大学,上海,综合类,开设专业,621.9万
115,安徽大学,安徽,综合类,开设专业,620.4万
116,东华大学,上海,理工类,开设专业,620万
117,北京科技大学,北京,理工类,开设专业,617.4万
118,中国政法大学,北京,政法类,开设专业,611.6万
119,中国石油大学（华东）,山东,理工类,开设专业,609.9万
120,中国农业大学,北京,农林类,开设专业,609.8万
121,对外经济贸易大学,北京,财经类,开设专业,609.1万
122,山东师范大学,山东,师范类,开设专业,606.6万
123,广东工业大学,广东,理工类,开设专业,602.5万
124,辽宁大学,辽宁,综合类,开设专业,599.7万
125,海南热带海洋学院,海南,综合类,开设专业,599.6万
126,聊城大学,山东,综合类,开设专业,598.2万
127,西南科技大学,四川,理工类,开设专业,597.6万
128,大连大学,辽宁,综合类,开设专业,597.2万
129,临沂大学,山东,综合类,开设专业,594.6万
130,北京外国语大学,北京,语言类,开设专业,591.5万
131,西安科技大学,陕西,理工类,开设专业,590.1万
132,陕西师范大学,陕西,师范类,开设专业,587.5万
133,西安理工大学,陕西,理工类,开设专业,582.5万
134,东北师范大学,吉林,师范类,开设专业,577.7万
135,福州大学,福建,理工类,开设专业,575.5万
136,河北工业大学,天津,理工类,开设专业,573.5万
137,西南石油大学,四川,综合类,开设专业,571.6万
138,哈尔滨理工大学,黑龙江,理工类,开设专业,571.2万
139,山东农业大学,山东,综合类,开设专业,570.9万
140,华东交通大学,江西,理工类,开设专业,568.3万
141,河南工业大学,河南,理工类,开设专业,565.4万
142,南京邮电大学,江苏,理工类,开设专业,565万
143,厦门理工学院,福建,理工类,开设专业,557.3万
144,中北大学,山西,理工类,开设专业,555.3万
145,青岛农业大学,山东,农林类,开设专业,553.6万
146,哈尔滨工程大学,黑龙江,理工类,开设专业,546.5万
147,中国计量大学,浙江,理工类,开设专业,546.4万
148,武汉工程大学,湖北,理工类,开设专业,544.9万
149,河北大学,河北,综合类,开设专业,544.7万
150,中国矿业大学,江苏,综合类,开设专业,544.2万
151,齐鲁工业大学,山东,理工类,开设专业,542万
152,东北电力大学,吉林,理工类,开设专业,540.5万
153,湖南师范大学,湖南,师范类,开设专业,538.9万
154,广东财经大学,广东,财经类,开设专业,538.7万
155,安徽财经大学,安徽,财经类,开设专业,538.3万
156,上海海事大学,上海,理工类,开设专业,535.4万
157,广西大学,广西,综合类,开设专业,535万
158,曲阜师范大学,山东,师范类,开设专业,534.4万
159,武汉科技大学,湖北,理工类,开设专业,533.6万
160,郑州轻工业大学,河南,理工类,开设专业,533.1万
161,湖南科技大学,湖南,综合类,开设专业,532.7万
162,南昌航空大学,江西,理工类,开设专业,532.1万
163,湖北工业大学,湖北,理工类,开设专业,531.1万
164,上海立信会计金融学院,上海,财经类,开设专业,529.2万
165,华南师范大学,广东,综合类,开设专业,527.1万
166,江西理工大学,江西,理工类,开设专业,526.1万
167,重庆师范大学,重庆,师范类,开设专业,524.5万
168,贵州大学,贵州,综合类,开设专业,519.8万
169,四川农业大学,四川,农林类,开设专业,519.7万
170,浙江工业大学,浙江,理工类,开设专业,519.6万
171,浙江理工大学,浙江,理工类,开设专业,517.7万
172,中央民族大学,北京,民族类,开设专业,516.5万
173,山东工商学院,山东,财经类,开设专业,515.5万
174,西安财经大学,陕西,财经类,开设专业,514.6万
175,西安石油大学,陕西,理工类,开设专业,512.9万
176,西南民族大学,四川,民族类,开设专业,512.7万
177,北京联合大学,北京,理工类,开设专业,503.5万
178,中国地质大学（武汉）,湖北,理工类,开设专业,502.2万
179,山东交通学院,山东,理工类,开设专业,501.8万
180,石河子大学,新疆,综合类,开设专业,500.8万
181,西安工程大学,陕西,理工类,开设专业,499.7万
182,江苏大学,江苏,综合类,开设专业,499.4万
183,南京审计大学,江苏,财经类,开设专业,498.1万
184,西安工业大学,陕西,理工类,开设专业,497.1万
185,华北科技学院,河北,理工类,开设专业,496.9万
186,西安建筑科技大学,陕西,理工类,开设专业,496.6万
187,安徽工业大学,安徽,理工类,开设专业,495万
188,华北理工大学,河北,综合类,开设专业,493.1万
189,成都信息工程大学,四川,理工类,开设专业,489.3万
190,西北政法大学,陕西,政法类,开设专业,486.6万
191,天津医科大学,天津,医药类,开设专业,486.1万
192,华侨大学,福建,综合类,开设专业,485.1万
193,湖南工业大学,湖南,理工类,开设专业,484.9万
194,河北科技大学,河北,理工类,开设专业,484.3万
195,中南民族大学,湖北,综合类,开设专业,482.6万
196,河南师范大学,河南,师范类,开设专业,482万
197,上海外国语大学,上海,语言类,开设专业,481.3万
198,云南财经大学,云南,财经类,开设专业,481.1万
199,兰州交通大学,甘肃,综合类,开设专业,480.2万
200,西安外国语大学,陕西,语言类,开设专业,477.6万
201,河北工程大学,河北,理工类,开设专业,476.3万
202,黑龙江大学,黑龙江,综合类,开设专业,475.1万
203,山西财经大学,山西,财经类,开设专业,474.1万
204,国防科技大学,湖南,军事类,开设专业,474.1万
205,三峡大学,湖北,综合类,开设专业,473万
206,南京农业大学,江苏,农林类,开设专业,463.6万
207,北京林业大学,北京,农林类,开设专业,463.2万
208,长春工业大学,吉林,理工类,开设专业,461.5万
209,中国人民公安大学,北京,政法类,开设专业,461.3万
210,首都经济贸易大学,北京,财经类,开设专业,460.3万
211,杭州电子科技大学,浙江,理工类,开设专业,457.6万
212,成都中医药大学,四川,医药类,开设专业,456.1万
213,南通大学,江苏,综合类,开设专业,454.1万
214,南京工业大学,江苏,理工类,开设专业,453.5万
215,沈阳理工大学,辽宁,理工类,开设专业,451.6万
216,江西师范大学,江西,师范类,开设专业,451.5万
217,安徽理工大学,安徽,理工类,开设专业,450.8万
218,福建师范大学,福建,师范类,开设专业,450.3万
219,郑州航空工业管理学院,河南,财经类,开设专业,448.4万
220,中国药科大学,江苏,医药类,开设专业,447.4万
221,桂林理工大学,广西,理工类,开设专业,447.2万
222,大连海洋大学,辽宁,农林类,开设专业,445.5万
223,延边大学,吉林,综合类,开设专业,445.5万
224,东华理工大学,江西,理工类,开设专业,444.3万
225,北京中医药大学,北京,医药类,开设专业,441万
226,上海工程技术大学,上海,理工类,开设专业,440.9万
227,中原工学院,河南,理工类,开设专业,438.2万
228,北京化工大学,北京,理工类,开设专业,436.8万
229,河北经贸大学,河北,财经类,开设专业,436.5万
230,辽宁工业大学,辽宁,理工类,开设专业,436万
231,沈阳工业大学,辽宁,理工类,开设专业,435万
232,沈阳航空航天大学,辽宁,理工类,开设专业,433.4万
233,中国科学技术大学,安徽,理工类,开设专业,430.7万
234,哈尔滨医科大学,黑龙江,医药类,开设专业,429.9万
235,四川轻化工大学,四川,理工类,开设专业,429.2万
236,洛阳理工学院,河南,理工类,开设专业,423万
237,广东外语外贸大学,广东,语言类,开设专业,422.7万
238,广东海洋大学,广东,农林类,开设专业,422.6万
239,西安邮电大学,陕西,理工类,开设专业,421.1万
240,南京信息工程大学,江苏,理工类,开设专业,420.4万
241,首都师范大学,北京,师范类,开设专业,418.8万
242,华东政法大学,上海,政法类,开设专业,418.5万
243,四川外国语大学,重庆,语言类,开设专业,418.5万
244,桂林电子科技大学,广西,理工类,开设专业,417.5万
245,华中农业大学,湖北,农林类,开设专业,417.5万
246,宁波大学,浙江,综合类,开设专业,417.4万
247,大连外国语大学,辽宁,语言类,开设专业,416.7万
248,燕山大学,河北,理工类,开设专业,413.2万
249,山西医科大学,山西,医药类,开设专业,412.9万
250,天津外国语大学,天津,语言类,开设专业,412万
251,兰州理工大学,甘肃,综合类,开设专业,411.7万
252,河南工程学院,河南,理工类,开设专业,411.5万
253,北华大学,吉林,综合类,开设专业,407.9万
254,石家庄铁道大学,河北,理工类,开设专业,406.6万
255,山西大学,山西,综合类,开设专业,403.1万
256,苏州科技大学,江苏,综合类,开设专业,402.3万
257,重庆科技学院,重庆,理工类,开设专业,401.7万
258,浙江工商大学,浙江,财经类,开设专业,400.2万
259,华南农业大学,广东,综合类,开设专业,398.2万
260,南京工程学院,江苏,理工类,开设专业,398万
261,河南农业大学,河南,农林类,开设专业,396.7万
262,山东大学（威海）,山东,综合类,开设专业,395.7万
263,南方医科大学,广东,医药类,开设专业,394.9万
264,潍坊学院,山东,综合类,开设专业,394.7万
265,浙江传媒学院,浙江,语言类,开设专业,394.4万
266,上海商学院,上海,财经类,开设专业,393.5万
267,广东金融学院,广东,财经类,开设专业,392.1万
268,山东中医药大学,山东,医药类,开设专业,391.6万
269,江汉大学,湖北,综合类,开设专业,391.2万
270,中南林业科技大学,湖南,农林类,开设专业,390.6万
271,河北医科大学,河北,医药类,开设专业,389.7万
272,吉林财经大学,吉林,财经类,开设专业,388.8万
273,渤海大学,辽宁,综合类,开设专业,388.5万
274,上海海洋大学,上海,农林类,开设专业,388.4万
275,杭州师范大学,浙江,师范类,开设专业,386.6万
276,江苏科技大学,江苏,理工类,开设专业,382.7万
277,西北民族大学,甘肃,综合类,开设专业,382.3万
278,湖北经济学院,湖北,财经类,开设专业,381.7万
279,东北林业大学,黑龙江,农林类,开设专业,381.3万
280,湖北大学,湖北,综合类,开设专业,379.6万
281,太原科技大学,山西,理工类,开设专业,379.2万
282,上海对外经贸大学,上海,财经类,开设专业,377.3万
283,北京工商大学,北京,财经类,开设专业,373.3万
284,河北师范大学,河北,师范类,开设专业,371.1万
285,河北地质大学,河北,财经类,开设专业,368.7万
286,华北电力大学保定校区,河北,理工类,开设专业,367万
287,哈尔滨商业大学,黑龙江,财经类,开设专业,366.9万
288,天津城建大学,天津,综合类,开设专业,366.1万
289,首都医科大学,北京,医药类,开设专业,364.5万
290,中国医科大学,辽宁,医药类,开设专业,364.4万
291,西安医学院,陕西,医药类,开设专业,364.4万
292,上海海关学院,上海,财经类,开设专业,361.3万
293,湖南理工学院,湖南,理工类,开设专业,359.2万
294,大连工业大学,辽宁,理工类,开设专业,358.3万
295,内蒙古科技大学,内蒙古,综合类,开设专业,357.7万
296,海南师范大学,海南,师范类,开设专业,356.5万
297,上海电力大学,上海,理工类,开设专业,356万
298,内蒙古大学,内蒙古,综合类,开设专业,353.2万
299,陕西科技大学,陕西,理工类,开设专业,350.3万
300,上海第二工业大学,上海,理工类,开设专业,349.1万
301,长春理工大学,吉林,理工类,开设专业,346.9万
302,南京林业大学,江苏,农林类,开设专业,346.9万
303,北京师范大学珠海分校,广东,其他,开设专业,346.7万
304,洛阳师范学院,河南,综合类,开设专业,346.6万
305,大连民族大学,辽宁,民族类,开设专业,346.4万
306,西华师范大学,四川,师范类,开设专业,344.3万
307,上海应用技术大学,上海,理工类,开设专业,343.8万
308,浙江师范大学,浙江,师范类,开设专业,340.2万
309,广西师范大学,广西,师范类,开设专业,337.9万
310,福建工程学院,福建,理工类,开设专业,334.7万
311,吉首大学,湖南,综合类,开设专业,334.3万
312,浙江财经大学,浙江,财经类,开设专业,334.1万
313,厦门大学嘉庚学院,福建,综合类,开设专业,333.9万
314,信阳师范学院,河南,师范类,开设专业,333.1万
315,沈阳建筑大学,辽宁,理工类,开设专业,333万
316,四川大学锦城学院,四川,综合类,开设专业,331.8万
317,中国民用航空飞行学院,四川,理工类,开设专业,331.2万
318,大连医科大学,辽宁,医药类,开设专业,330.6万
319,日照职业技术学院,山东,综合类,开设专业,329.8万
320,陕西理工大学,陕西,理工类,开设专业,328.5万
321,潍坊医学院,山东,医药类,开设专业,328.3万
322,云南师范大学,云南,师范类,开设专业,327.8万
323,西南医科大学,四川,医药类,开设专业,327.4万
324,广西民族大学,广西,民族类,开设专业,326万
325,哈尔滨师范大学,黑龙江,师范类,开设专业,325.9万
326,辽宁科技大学,辽宁,理工类,开设专业,324.6万
327,南阳理工学院,河南,理工类,开设专业,323.2万
328,长春大学,吉林,综合类,开设专业,323.2万
329,延安大学,陕西,综合类,开设专业,322.8万
330,东北石油大学,黑龙江,理工类,开设专业,322.6万
331,辽宁师范大学,辽宁,师范类,开设专业,321.9万
332,北京城市学院,北京,综合类,开设专业,321.5万
333,广西财经学院,广西,财经类,开设专业,321.4万
334,湖南工商大学,湖南,财经类,开设专业,320.6万
335,山东第一医科大学,山东,医药类,开设专业,320万
336,湖南工程学院,湖南,理工类,开设专业,317.9万
337,天津中医药大学,天津,医药类,开设专业,314.7万
338,九江学院,江西,综合类,开设专业,314.3万
339,贵州师范大学,贵州,师范类,开设专业,313.8万
340,湖北中医药大学,湖北,医药类,开设专业,313.6万
341,滨州医学院,山东,医药类,开设专业,313.4万
342,河南中医药大学,河南,医药类,开设专业,313.4万
343,北京建筑大学,北京,理工类,开设专业,310.3万
344,东北农业大学,黑龙江,农林类,开设专业,309.9万
345,安徽师范大学,安徽,师范类,开设专业,309.5万
346,武汉轻工大学,湖北,理工类,开设专业,308.3万
347,电子科技大学成都学院,四川,理工类,开设专业,307.9万
348,北方民族大学,宁夏,民族类,开设专业,306万
349,福建农林大学,福建,农林类,开设专业,305.6万
350,新疆大学,新疆,综合类,开设专业,305.2万
351,河南科技学院,河南,综合类,开设专业,304.2万
352,武汉纺织大学,湖北,理工类,开设专业,303.5万
353,新乡医学院,河南,医药类,开设专业,302.7万
354,东北大学秦皇岛分校,河北,综合类,开设专业,301.2万
355,辽宁石油化工大学,辽宁,综合类,开设专业,300.3万
356,长春师范大学,吉林,师范类,开设专业,300.1万
357,燕京理工学院,河北,理工类,开设专业,299.9万
358,沈阳师范大学,辽宁,师范类,开设专业,299.5万
359,重庆大学城市科技学院,重庆,综合类,开设专业,299.2万
360,西安外事学院,陕西,综合类,开设专业,298.7万
361,湖南农业大学,湖南,农林类,开设专业,297.5万
362,商丘师范学院,河南,师范类,开设专业,297.5万
363,安徽建筑大学,安徽,理工类,开设专业,296.8万
364,沈阳大学,辽宁,综合类,开设专业,295.5万
365,青岛理工大学琴岛学院,山东,理工类,开设专业,295.5万
366,长沙医学院,湖南,医药类,开设专业,294.3万
367,广东医科大学,广东,医药类,开设专业,293.4万
368,黑龙江科技大学,黑龙江,理工类,开设专业,291.8万
369,江西科技师范大学,江西,师范类,开设专业,291.5万
370,江西农业大学,江西,农林类,开设专业,291.3万
371,泰山学院,山东,综合类,开设专业,288.9万
372,江西科技学院,江西,综合类,开设专业,288.6万
373,福建医科大学,福建,医药类,开设专业,288.2万
374,安徽工程大学,安徽,理工类,开设专业,287.3万
375,河北金融学院,河北,财经类,开设专业,287.3万
376,内蒙古师范大学,内蒙古,师范类,开设专业,287万
377,广州医科大学,广东,医药类,开设专业,286.8万
378,闽江学院,福建,综合类,开设专业,286.4万
379,北京语言大学,北京,语言类,开设专业,286.3万
380,北方工业大学,北京,理工类,开设专业,285.7万
381,上海政法学院,上海,政法类,开设专业,285.6万
382,山西大同大学,山西,综合类,开设专业,283.6万
383,北京信息科技大学,北京,理工类,开设专业,283.4万
384,广州中医药大学,广东,医药类,开设专业,282万
385,吉林大学珠海学院,广东,综合类,开设专业,281.3万
386,湖南中医药大学,湖南,医药类,开设专业,280.9万
387,安徽医科大学,安徽,医药类,开设专业,279.9万
388,辽宁工程技术大学,辽宁,理工类,开设专业,278.7万
389,北京电子科技学院,北京,理工类,开设专业,277.4万
390,广西科技大学,广西,综合类,开设专业,276.3万
391,南开大学滨海学院,天津,综合类,开设专业,275.9万
392,内蒙古工业大学,内蒙古,理工类,开设专业,275.9万
393,长春工程学院,吉林,理工类,开设专业,274.6万
394,重庆文理学院,重庆,综合类,开设专业,273.7万
395,西北师范大学,甘肃,师范类,开设专业,272.9万
396,德州学院,山东,综合类,开设专业,272.5万
397,北华航天工业学院,河北,理工类,开设专业,272.4万
398,昆明医科大学,云南,医药类,开设专业,272.3万
399,济宁医学院,山东,医药类,开设专业,269.4万
400,成都大学,四川,综合类,开设专业,269.1万
401,常州大学,江苏,理工类,开设专业,267.4万
402,中国石油大学（北京）,北京,理工类,开设专业,266.7万
403,宁夏大学,宁夏,综合类,开设专业,266.4万
404,南京医科大学,江苏,医药类,开设专业,265.8万
405,合肥学院,安徽,综合类,开设专业,265.4万
406,安阳师范学院,河南,师范类,开设专业,264.5万
407,广西医科大学,广西,医药类,开设专业,264.5万
408,中华女子学院,北京,语言类,开设专业,264万
409,湘南学院,湖南,综合类,开设专业,263.8万
410,郑州师范学院,河南,师范类,开设专业,263.6万
411,兰州财经大学,甘肃,财经类,开设专业,262.9万
412,安徽农业大学,安徽,农林类,开设专业,262.7万
413,重庆交通职业学院,重庆,理工类,开设专业,262.4万
414,温州大学,浙江,综合类,开设专业,261.4万
415,齐齐哈尔大学,黑龙江,综合类,开设专业,258.7万
416,西南财经大学天府学院,四川,财经类,开设专业,258.7万
417,山西师范大学,山西,师范类,开设专业,258.6万
418,北京体育大学,北京,体育类,开设专业,258.2万
419,南昌工程学院,江西,理工类,开设专业,257.9万
420,青海大学,青海,综合类,开设专业,257.8万
421,贵州财经大学,贵州,财经类,开设专业,257.5万
422,西安文理学院,陕西,师范类,开设专业,256.9万
423,南京中医药大学,江苏,医药类,开设专业,256.4万
424,丽水学院,浙江,师范类,开设专业,255.4万
425,吉林建筑大学,吉林,理工类,开设专业,255.3万
426,山东政法学院,山东,政法类,开设专业,255.2万
427,河北农业大学,河北,农林类,开设专业,255.2万
428,佳木斯大学,黑龙江,综合类,开设专业,255万
429,中山大学南方学院,广东,综合类,开设专业,254.4万
430,江苏师范大学,江苏,师范类,开设专业,254.1万
431,内蒙古财经大学,内蒙古,财经类,开设专业,253.7万
432,重庆邮电大学移通学院,重庆,理工类,开设专业,253.7万
433,河南城建学院,河南,理工类,开设专业,253.4万
434,河北科技师范学院,河北,师范类,开设专业,251万
435,温州医科大学,浙江,医药类,开设专业,251万
436,遵义医科大学,贵州,医药类,开设专业,250.9万
437,浙江大学城市学院,浙江,理工类,开设专业,248万
438,重庆三峡学院,重庆,综合类,开设专业,247.6万
439,南阳师范学院,河南,师范类,开设专业,247.6万
440,北京理工大学珠海学院,广东,综合类,开设专业,247.6万
441,山西农业大学,山西,农林类,开设专业,245.9万
442,南昌理工学院,江西,综合类,开设专业,245.8万
443,嘉兴学院,浙江,综合类,开设专业,245.5万
444,汕头大学,广东,其他,开设专业,244.1万
445,东莞理工学院,广东,理工类,开设专业,243.6万
446,陕西中医药大学,陕西,医药类,开设专业,243.5万
447,大理大学,云南,综合类,开设专业,243.4万
448,浙江科技学院,浙江,理工类,开设专业,243.3万
449,文华学院,湖北,理工类,开设专业,242万
450,淮北师范大学,安徽,综合类,开设专业,241.7万
451,贵州医科大学,贵州,医药类,开设专业,240.6万
452,成都医学院,四川,医药类,开设专业,240.5万
453,河南大学民生学院,河南,综合类,开设专业,240.3万
454,中国刑事警察学院,辽宁,政法类,开设专业,240.3万
455,井冈山大学,江西,综合类,开设专业,239.8万
456,西安培华学院,陕西,综合类,开设专业,239.7万
457,滨州学院,山东,综合类,开设专业,239万
458,三亚学院,海南,综合类,开设专业,238.5万
459,长沙学院,湖南,理工类,开设专业,238.5万
460,天津职业技术师范大学,天津,师范类,开设专业,237.6万
461,郑州工商学院,河南,理工类,开设专业,237.5万
462,吉林农业大学,吉林,农林类,开设专业,237万
463,湖北民族大学,湖北,综合类,开设专业,236.4万
464,河南工学院,河南,理工类,开设专业,236.2万
465,黄河科技学院,河南,理工类,开设专业,236万
466,广东石油化工学院,广东,综合类,开设专业,234.6万
467,沈阳化工大学,辽宁,理工类,开设专业,234.6万
468,中国劳动关系学院,北京,政法类,开设专业,234.4万
469,川北医学院,四川,医药类,开设专业,234.3万
470,中央司法警官学院,河北,政法类,开设专业,234.1万
471,厦门医学院,福建,医药类,开设专业,231.8万
472,浙江农林大学,浙江,农林类,开设专业,231.3万
473,上海电机学院,上海,理工类,开设专业,230.3万
474,中国地质大学（北京）,北京,其他,开设专业,229.2万
475,防灾科技学院,河北,理工类,开设专业,228.8万
476,昆明学院,云南,综合类,开设专业,228.1万
477,南宁师范大学,广西,师范类,开设专业,227.2万
478,西京学院,陕西,理工类,开设专业,226.7万
479,五邑大学,广东,综合类,开设专业,225.7万
480,保定理工学院,河北,其他,开设专业,225.6万
481,云南民族大学,云南,民族类,开设专业,225.5万
482,湖北师范大学,湖北,师范类,开设专业,225.2万
483,云南农业大学,云南,农林类,开设专业,225.2万
484,西南林业大学,云南,农林类,开设专业,225万
485,海南医学院,海南,医药类,开设专业,224.3万
486,韶关学院,广东,综合类,开设专业,222.4万
487,四川工商学院,四川,综合类,开设专业,222万
488,泉州师范学院,福建,师范类,开设专业,221.6万
489,天津农学院,天津,农林类,开设专业,221.4万
490,安阳工学院,河南,理工类,开设专业,219.9万
491,西安欧亚学院,陕西,综合类,开设专业,219.6万
492,湖北理工学院,湖北,理工类,开设专业,218.2万
493,北京物资学院,北京,财经类,开设专业,218万
494,吉林师范大学,吉林,师范类,开设专业,213.8万
495,内蒙古医科大学,内蒙古,医药类,开设专业,212.9万
496,中国传媒大学南广学院,江苏,艺术类,开设专业,212.7万
497,赣南医学院,江西,医药类,开设专业,211.4万
498,武汉东湖学院,湖北,综合类,开设专业,210.8万
499,江西中医药大学,江西,医药类,开设专业,210.1万
500,西藏大学,西藏,综合类,开设专业,209.9万
501,北京第二外国语学院,北京,语言类,开设专业,209万
502,大连理工大学城市学院,辽宁,理工类,开设专业,208.3万
503,浙江工业大学之江学院,浙江,理工类,开设专业,207.8万
504,湖南工学院,湖南,理工类,开设专业,207.3万
505,闽南师范大学,福建,师范类,开设专业,206.9万
506,宝鸡文理学院,陕西,师范类,开设专业,206.5万
507,新乡学院,河南,师范类,开设专业,206.5万
508,长江师范学院,重庆,师范类,开设专业,205.3万
509,黄淮学院,河南,综合类,开设专业,204.2万
510,浙江海洋大学,浙江,农林类,开设专业,203.4万
511,赣南师范大学,江西,师范类,开设专业,203.3万
512,徐州医科大学,江苏,医药类,开设专业,203.3万
513,北京石油化工学院,北京,综合类,开设专业,202.7万
514,解放军第四军医大学,陕西,军事类,开设专业,201.8万
515,外交学院,北京,其他,开设专业,201.4万
516,中国青年政治学院,北京,政法类,开设专业,200.4万
517,许昌学院,河南,理工类,开设专业,200万
518,咸阳师范学院,陕西,师范类,开设专业,199.8万
519,黑龙江中医药大学,黑龙江,医药类,开设专业,199.7万
520,廊坊师范学院,河北,师范类,开设专业,199.3万
521,内蒙古农业大学,内蒙古,农林类,开设专业,198.6万
522,湖北科技学院,湖北,综合类,开设专业,198.4万
523,岭南师范学院,广东,师范类,开设专业,198.3万
524,河北北方学院,河北,综合类,开设专业,198万
525,西安翻译学院,陕西,语言类,开设专业,196.6万
526,南京晓庄学院,江苏,师范类,开设专业,196.2万
527,湖南科技学院,湖南,理工类,开设专业,195.6万
528,邵阳学院,湖南,综合类,开设专业,193.5万
529,枣庄学院,山东,综合类,开设专业,193.3万
530,四川大学锦江学院,四川,综合类,开设专业,193.2万
531,江苏理工学院,江苏,理工类,开设专业,192.9万
532,重庆工商大学融智学院,重庆,财经类,开设专业,192.6万
533,湖北第二师范学院,湖北,师范类,开设专业,192.4万
534,海军军医大学,上海,军事类,开设专业,192.2万
535,国际关系学院,北京,政法类,开设专业,190.4万
536,哈尔滨工业大学（威海）,山东,理工类,开设专业,190.4万
537,西安航空学院,陕西,理工类,开设专业,190.1万
538,北京服装学院,北京,理工类,开设专业,190.1万
539,河北建筑工程学院,河北,理工类,开设专业,189.8万
540,黑龙江工程学院,黑龙江,理工类,开设专业,189.7万
541,湖南文理学院,湖南,综合类,开设专业,189.4万
542,菏泽学院,山东,综合类,开设专业,188.4万
543,石家庄学院,河北,综合类,开设专业,187.9万
544,重庆医药高等专科学校,重庆,医药类,开设专业,187.7万
545,烟台大学文经学院,山东,综合类,开设专业,187.5万
546,北京交通大学海滨学院,河北,理工类,开设专业,187.2万
547,重庆师范大学涉外商贸学院,重庆,财经类,开设专业,186.9万
548,宁波诺丁汉大学,浙江,综合类,开设专业,186.4万
549,沈阳工程学院,辽宁,理工类,开设专业,186.4万
550,中国人民解放军战略支援部队信息工程大学,河南,军事类,开设专业,186.2万
551,广东药科大学,广东,医药类,开设专业,186万
552,长春中医药大学,吉林,医药类,开设专业,185.5万
553,佛山科学技术学院,广东,理工类,开设专业,185.2万
554,四川文理学院,四川,综合类,开设专业,184.6万
555,武汉科技大学城市学院,湖北,理工类,开设专业,184.2万
556,湖北医药学院,湖北,医药类,开设专业,183.5万
557,太原师范学院,山西,师范类,开设专业,182.8万
558,上海建桥学院,上海,财经类,开设专业,182.4万
559,锦州医科大学,辽宁,医药类,开设专业,182.1万
560,安徽科技学院,安徽,综合类,开设专业,182万
561,沈阳医学院,辽宁,医药类,开设专业,181.7万
562,新乡医学院三全学院,河南,医药类,开设专业,181.1万
563,河北医科大学临床学院,河北,医药类,开设专业,181万
564,嘉应学院,广东,综合类,开设专业,180.7万
565,宜宾学院,四川,综合类,开设专业,180.4万
566,景德镇陶瓷大学,江西,理工类,开设专业,180.3万
567,西交利物浦大学,江苏,综合类,开设专业,180万
568,湖南财政经济学院,湖南,财经类,开设专业,179.8万
569,金陵科技学院,江苏,理工类,开设专业,179.7万
570,北京大学医学部,北京,医药类,开设专业,179万
571,渭南师范学院,陕西,师范类,开设专业,178.5万
572,宁波工程学院,浙江,理工类,开设专业,178.1万
573,湖南城市学院,湖南,综合类,开设专业,177.1万
574,淮海工学院,江苏,理工类,开设专业,176.9万
575,郑州工业应用技术学院,河南,理工类,开设专业,176.8万
576,皖南医学院,安徽,医药类,开设专业,176.5万
577,华北电力大学科技学院,河北,理工类,开设专业,176.1万
578,西昌学院,四川,综合类,开设专业,175.7万
579,攀枝花学院,四川,综合类,开设专业,175.7万
580,衡阳师范学院,湖南,师范类,开设专业,175.6万
581,浙江万里学院,浙江,理工类,开设专业,174.4万
582,蚌埠医学院,安徽,医药类,开设专业,174.3万
583,武昌首义学院,湖北,理工类,开设专业,173.8万
584,宜春学院,江西,综合类,开设专业,173.8万
585,上海杉达学院,上海,财经类,开设专业,173.3万
586,太原工业学院,山西,理工类,开设专业,173.1万
587,惠州学院,广东,综合类,开设专业,172.9万
588,新疆医科大学,新疆,医药类,开设专业,172.9万
589,大连财经学院,辽宁,财经类,开设专业,172.9万
590,武汉职业技术学院,湖北,理工类,开设专业,172.7万
591,哈尔滨学院,黑龙江,综合类,开设专业,172.6万
592,河北环境工程学院,河北,综合类,开设专业,172.3万
593,武汉工商学院,湖北,综合类,开设专业,171.5万
594,北京师范大学-香港浸会大学联合国际学院,广东,综合类,开设专业,171.3万
595,湖北文理学院,湖北,综合类,开设专业,171.2万
596,浙江中医药大学,浙江,医药类,开设专业,171万
597,莆田学院,福建,综合类,开设专业,170.7万
598,承德医学院,河北,医药类,开设专业,170.4万
599,北京电影学院,北京,艺术类,开设专业,170.1万
600,徐州工程学院,江苏,综合类,开设专业,169.1万
601,绵阳师范学院,四川,师范类,开设专业,169万
602,武汉学院,湖北,财经类,开设专业,168.8万
603,湖南第一师范学院,湖南,师范类,开设专业,168.2万
604,广东技术师范大学,广东,师范类,开设专业,168万
605,北京协和医学院,北京,医药类,开设专业,167.5万
606,重庆人文科技学院,重庆,综合类,开设专业,167.2万
607,辽宁对外经贸学院,辽宁,财经类,开设专业,167万
608,首都师范大学科德学院,北京,艺术类,开设专业,166.8万
609,河南职业技术学院,河南,理工类,开设专业,166.5万
610,乐山师范学院,四川,师范类,开设专业,165.9万
611,广东白云学院,广东,综合类,开设专业,165.6万
612,甘肃农业大学,甘肃,农林类,开设专业,165.4万
613,西北大学现代学院,陕西,理工类,开设专业,165.1万
614,广西中医药大学,广西,医药类,开设专业,165万
615,周口师范学院,河南,师范类,开设专业,164.9万
616,桂林医学院,广西,医药类,开设专业,163.9万
617,台州学院,浙江,综合类,开设专业,163.4万
618,贵州民族大学,贵州,民族类,开设专业,163.4万
619,内蒙古民族大学,内蒙古,综合类,开设专业,163.4万
620,安庆师范大学,安徽,师范类,开设专业,163.3万
621,邢台学院,河北,师范类,开设专业,163.2万
622,邯郸学院,河北,师范类,开设专业,163万
623,河北科技大学理工学院,河北,理工类,开设专业,162.4万
624,济宁学院,山东,综合类,开设专业,162.1万
625,天津职业大学,天津,综合类,开设专业,162万
626,绍兴文理学院,浙江,师范类,开设专业,160.9万
627,南京理工大学泰州科技学院,江苏,理工类,开设专业,160.8万
628,武夷学院,福建,综合类,开设专业,160.8万
629,黑龙江八一农垦大学,黑龙江,农林类,开设专业,160.5万
630,山西中医药大学,山西,医药类,开设专业,159.8万
631,湖南涉外经济学院,湖南,综合类,开设专业,159.7万
632,河南师范大学新联学院,河南,师范类,开设专业,159.5万
633,哈尔滨金融学院,黑龙江,财经类,开设专业,159.4万
634,集美大学诚毅学院,福建,其他,开设专业,158.8万
635,开封大学,河南,综合类,开设专业,158.7万
636,西安科技大学高新学院,陕西,理工类,开设专业,158.3万
637,河北大学工商学院,河北,综合类,开设专业,158.1万
638,湖北工程学院,湖北,综合类,开设专业,158万
639,沈阳药科大学,辽宁,医药类,开设专业,157.4万
640,北京中医药大学东方学院,河北,综合类,开设专业,156.5万
641,北京印刷学院,北京,理工类,开设专业,156.2万
642,西安建筑科技大学华清学院,陕西,理工类,开设专业,155.9万
643,黄冈师范学院,湖北,师范类,开设专业,155.6万
644,中原工学院信息商务学院,河南,财经类,开设专业,155万
645,肇庆学院,广东,师范类,开设专业,154.9万
646,江苏警官学院,江苏,政法类,开设专业,153万
647,中山大学新华学院,广东,综合类,开设专业,152.7万
648,浙江大学宁波理工学院,浙江,理工类,开设专业,152.5万
649,中国矿业大学（北京）,北京,理工类,开设专业,152.4万
650,北京工商大学嘉华学院,北京,财经类,开设专业,152.3万
651,三江学院,江苏,综合类,开设专业,151.9万
652,三明学院,福建,综合类,开设专业,151.2万
653,深圳职业技术学院,广东,综合类,开设专业,151.1万
654,平顶山学院,河南,综合类,开设专业,150.8万
655,郑州财经学院,河南,财经类,开设专业,150.6万
656,西安思源学院,陕西,综合类,开设专业,150.4万
657,天津大学仁爱学院,天津,综合类,开设专业,149.7万
658,武汉工程科技学院,湖北,理工类,开设专业,149.6万
659,怀化学院,湖南,综合类,开设专业,149.6万
660,长治医学院,山西,医药类,开设专业,149.3万
661,保定学院,河北,师范类,开设专业,149.2万
662,云南大学滇池学院,云南,综合类,开设专业,149.1万
663,北京科技大学天津学院,天津,综合类,开设专业,149万
664,铜陵学院,安徽,财经类,开设专业,148.7万
665,衡水学院,河北,师范类,开设专业,147.4万
666,仲恺农业工程学院,广东,农林类,开设专业,147.3万
667,阜阳师范学院,安徽,师范类,开设专业,146.8万
668,荆楚理工学院,湖北,理工类,开设专业,146.7万
669,成都文理学院,四川,综合类,开设专业,146.7万
670,福建中医药大学,福建,医药类,开设专业,145.6万
671,广东警官学院,广东,政法类,开设专业,145.5万
672,北京邮电大学世纪学院,北京,综合类,开设专业,145.5万
673,齐齐哈尔医学院,黑龙江,医药类,开设专业,143.7万
674,华南理工大学广州学院,广东,综合类,开设专业,143.4万
675,鞍山师范学院,辽宁,师范类,开设专业,143万
676,唐山学院,河北,理工类,开设专业,142.9万
677,青岛滨海学院,山东,综合类,开设专业,142.6万
678,贵阳学院,贵州,综合类,开设专业,142.4万
679,内江师范学院,四川,师范类,开设专业,141.7万
680,北京农学院,北京,农林类,开设专业,141.5万
681,昆明医科大学海源学院,云南,医药类,开设专业,141.3万
682,吉林化工学院,吉林,理工类,开设专业,141.3万
683,天津财经大学珠江学院,天津,综合类,开设专业,141万
684,中国人民警察大学,河北,军事类,开设专业,140.8万
685,内蒙古化工职业学院,内蒙古,理工类,开设专业,140.8万
686,辽东学院,辽宁,综合类,开设专业,140.8万
687,黑龙江东方学院,黑龙江,综合类,开设专业,140.6万
688,安徽中医药大学,安徽,医药类,开设专业,139.7万
689,长春财经学院,吉林,财经类,开设专业,139.1万
690,湖北汽车工业学院,湖北,理工类,开设专业,139万
691,厦门工学院,福建,理工类,开设专业,138.7万
692,齐鲁师范学院,山东,师范类,开设专业,137.7万
693,韩山师范学院,广东,师范类,开设专业,137.1万
694,盐城师范学院,江苏,师范类,开设专业,137.1万
695,上海外国语大学贤达经济人文学院,上海,财经类,开设专业,137.1万
696,南京铁道职业技术学院,江苏,理工类,开设专业,136.7万
697,湖南医药学院,湖南,医药类,开设专业,135.8万
698,西安财经大学行知学院,陕西,理工类,开设专业,135.5万
699,云南警官学院,云南,政法类,开设专业,134.9万
700,新疆财经大学,新疆,财经类,开设专业,134.6万
701,遵义师范学院,贵州,师范类,开设专业,133.9万
702,山西医科大学汾阳学院,山西,医药类,开设专业,133.7万
703,重庆第二师范学院,重庆,师范类,开设专业,133.7万
704,燕山大学里仁学院,河北,理工类,开设专业,133.1万
705,沈阳农业大学,辽宁,农林类,开设专业,132.7万
706,河北工业大学城市学院,河北,理工类,开设专业,132.7万
707,云南中医药大学,云南,医药类,开设专业,132.4万
708,北部湾大学,广西,综合类,开设专业,131.5万
709,西安交通大学城市学院,陕西,理工类,开设专业,131.5万
710,成都工业学院,四川,理工类,开设专业,131.3万
711,辽宁中医药大学,辽宁,医药类,开设专业,131万
712,天津医科大学临床医学院,天津,医药类,开设专业,130.6万
713,山东女子学院,山东,综合类,开设专业,130.6万
714,甘肃中医药大学,甘肃,医药类,开设专业,130.5万
715,郑州科技学院,河南,理工类,开设专业,130.4万
716,中国石油大学胜利学院,山东,理工类,开设专业,130.4万
717,云南师范大学商学院,云南,综合类,开设专业,130.4万
718,黄山学院,安徽,综合类,开设专业,130.2万
719,山西大学商务学院,山西,综合类,开设专业,130.1万
720,吉林医药学院,吉林,医药类,开设专业,130.1万
721,武汉生物工程学院,湖北,理工类,开设专业,129.3万
722,新疆农业大学,新疆,农林类,开设专业,129万
723,盐城工学院,江苏,理工类,开设专业,128.9万
724,运城学院,山西,综合类,开设专业,128.8万
725,辽宁科技学院,辽宁,理工类,开设专业,128.8万
726,广东财经大学华商学院,广东,财经类,开设专业,128.6万
727,齐鲁理工学院,山东,综合类,开设专业,128.5万
728,淮南师范学院,安徽,师范类,开设专业,128.5万
729,甘肃政法学院,甘肃,政法类,开设专业,128.3万
730,淮阴师范学院,江苏,师范类,开设专业,127.5万
731,上海师范大学天华学院,上海,综合类,开设专业,127.2万
732,青海师范大学,青海,师范类,开设专业,127万
733,常州工学院,江苏,理工类,开设专业,126.8万
734,湖南人文科技学院,湖南,综合类,开设专业,126.6万
735,吉林工商学院,吉林,财经类,开设专业,126.5万
736,浙江外国语学院,浙江,语言类,开设专业,126.1万
737,玉林师范学院,广西,师范类,开设专业,126万
738,陕西学前师范学院,陕西,师范类,开设专业,125万
739,石家庄铁道大学四方学院,河北,理工类,开设专业,124.6万
740,天水师范学院,甘肃,师范类,开设专业,124.6万
741,湖州师范学院,浙江,师范类,开设专业,124.3万
742,西北工业大学明德学院,陕西,综合类,开设专业,124.2万
743,成都航空职业技术学院,四川,理工类,开设专业,124.1万
744,南京艺术学院,江苏,艺术类,开设专业,124.1万
745,武汉商学院,湖北,财经类,开设专业,123.9万
746,四川传媒学院,四川,艺术类,开设专业,123.9万
747,合肥师范学院,安徽,综合类,开设专业,123.9万
748,河北经贸大学经济管理学院,河北,财经类,开设专业,123.9万
749,广东交通职业技术学院,广东,理工类,开设专业,123.4万
750,兰州城市学院,甘肃,综合类,开设专业,123.3万
751,榆林学院,陕西,师范类,开设专业,123.2万
752,上饶师范学院,江西,师范类,开设专业,121.7万
753,山东医学高等专科学校,山东,医药类,开设专业,121.5万
754,山东青年政治学院,山东,综合类,开设专业,121.1万
755,成都师范学院,四川,师范类,开设专业,120.7万
756,宁夏医科大学,宁夏,医药类,开设专业,120.7万
757,齐鲁医药学院,山东,医药类,开设专业,120.5万
758,三峡大学科技学院,湖北,理工类,开设专业,120万
759,晋中学院,山西,综合类,开设专业,119.7万
760,中国矿业大学徐海学院,江苏,综合类,开设专业,119.3万
761,山东商业职业技术学院,山东,财经类,开设专业,119.1万
762,漯河医学高等专科学校,河南,医药类,开设专业,119万
763,武汉华夏理工学院,湖北,理工类,开设专业,118.9万
764,牡丹江师范学院,黑龙江,师范类,开设专业,118.8万
765,常熟理工学院,江苏,理工类,开设专业,118.7万
766,贵州中医药大学,贵州,医药类,开设专业,118.2万
767,济南大学泉城学院,山东,综合类,开设专业,118.2万
768,广州大学华软软件学院,广东,理工类,开设专业,118万
769,河北师范大学汇华学院,河北,师范类,开设专业,117.9万
770,龙岩学院,福建,其他,开设专业,117.9万
771,湖南女子学院,湖南,语言类,开设专业,117.8万
772,铁道警察学院,河南,政法类,开设专业,117.2万
773,河西学院,甘肃,综合类,开设专业,116.8万
774,郑州铁路职业技术学院,河南,综合类,开设专业,116.8万
775,上海戏剧学院,上海,艺术类,开设专业,116.5万
776,新疆师范大学,新疆,师范类,开设专业,116.5万
777,山东职业学院,山东,理工类,开设专业,116.4万
778,梧州学院,广西,综合类,开设专业,115.6万
779,武昌理工学院,湖北,综合类,开设专业,115万
780,仰恩大学,福建,财经类,开设专业,114.9万
781,成都理工大学工程技术学院,四川,理工类,开设专业,114.5万
782,皖西学院,安徽,综合类,开设专业,114.3万
783,南京大学金陵学院,江苏,综合类,开设专业,114.2万
784,四川警察学院,四川,政法类,开设专业,114万
785,长春建筑学院,吉林,理工类,开设专业,113.7万
786,中国人民解放军陆军工程大学,江苏,军事类,开设专业,113.6万
787,商丘医学高等专科学校,河南,医药类,开设专业,113.4万
788,淮阴工学院,江苏,理工类,开设专业,113.4万
789,南京财经大学红山学院,江苏,综合类,开设专业,112.7万
790,塔里木大学,新疆,综合类,开设专业,111.7万
791,河南医学高等专科学校,河南,医药类,开设专业,111.6万
792,河南警察学院,河南,政法类,开设专业,111.2万
793,广州航海学院,广东,理工类,开设专业,111.1万
794,重庆工程职业技术学院,重庆,理工类,开设专业,110.9万
795,武汉体育学院,湖北,体育类,开设专业,110.8万
796,东南大学成贤学院,江苏,综合类,开设专业,110.1万
797,湖北经济学院法商学院,湖北,财经类,开设专业,109.5万
798,贵州师范学院,贵州,师范类,开设专业,109万
799,牡丹江医学院,黑龙江,医药类,开设专业,109万
800,广州大学松田学院,广东,综合类,开设专业,108.8万
801,山东警察学院,山东,政法类,开设专业,108.7万
802,西安航空职业技术学院,陕西,理工类,开设专业,108.1万
803,河北传媒学院,河北,艺术类,开设专业,107.8万
804,北京吉利学院,北京,理工类,开设专业,107.7万
805,南京工业职业技术学院,江苏,理工类,开设专业,107.6万
806,海口经济学院,海南,综合类,开设专业,106.8万
807,宿州学院,安徽,综合类,开设专业,106.5万
808,汉口学院,湖北,综合类,开设专业,106万
809,广州美术学院,广东,艺术类,开设专业,105.8万
810,上海体育学院,上海,体育类,开设专业,105.8万
811,南京森林警察学院,江苏,政法类,开设专业,105.3万
812,辽宁理工学院,辽宁,综合类,开设专业,105.2万
813,山东财经大学东方学院,山东,综合类,开设专业,105.1万
814,四川外国语大学成都学院,四川,语言类,开设专业,104.7万
815,武汉铁路职业技术学院,湖北,理工类,开设专业,104.2万
816,湘潭大学兴湘学院,湖南,综合类,开设专业,104.1万
817,青岛工学院,山东,其他,开设专业,103.7万
818,延安大学西安创新学院,陕西,综合类,开设专业,103.3万
819,重庆工商大学派斯学院,重庆,财经类,开设专业,103.3万
820,河北工业职业技术学院,河北,理工类,开设专业,103.1万
821,信阳学院,河南,综合类,开设专业,103万
822,中国人民解放军陆军军医大学,重庆,军事类,开设专业,102.7万
823,青岛港湾职业技术学院,山东,理工类,开设专业,102.2万
824,唐山师范学院,河北,师范类,开设专业,102.1万
825,无锡太湖学院,江苏,综合类,开设专业,102万
826,广东外语外贸大学南国商学院,广东,财经类,开设专业,101.8万
827,成都体育学院,四川,体育类,开设专业,101.5万
828,湖北商贸学院,湖北,财经类,开设专业,101.5万
829,玉溪师范学院,云南,师范类,开设专业,101.4万
830,河北地质大学华信学院,河北,财经类,开设专业,101.2万
831,中国人民解放军南京政治学院,江苏,军事类,开设专业,100.5万
832,浙江警察学院,浙江,政法类,开设专业,100.4万
833,商洛学院,陕西,师范类,开设专业,100.1万
834,右江民族医学院,广西,医药类,开设专业,99.8万
835,白城师范学院,吉林,师范类,开设专业,99.7万
836,百色学院,广西,综合类,开设专业,99.7万
837,东北师范大学人文学院,吉林,综合类,开设专业,99.5万
838,同济大学浙江学院,浙江,综合类,开设专业,99.5万
839,大连东软信息学院,辽宁,理工类,开设专业,99.4万
840,香港中文大学,香港,综合类,开设专业,98.7万
841,滁州学院,安徽,综合类,开设专业,98.6万
842,郑州升达经贸管理学院,河南,财经类,开设专业,98.4万
843,广东第二师范学院,广东,师范类,开设专业,98.4万
844,解放军国际关系学院,江苏,军事类,开设专业,98万
845,吉林外国语大学,吉林,语言类,开设专业,97.9万
846,解放军陆军军官学院,安徽,军事类,开设专业,97.7万
847,成都东软学院,四川,理工类,开设专业,97.4万
848,新余学院,江西,综合类,开设专业,97.4万
849,黑龙江外国语学院,黑龙江,语言类,开设专业,97.3万
850,河北工程大学科信学院,河北,理工类,开设专业,97.3万
851,赤峰学院,内蒙古,综合类,开设专业,96.9万
852,河北外国语学院,河北,语言类,开设专业,96.6万
853,西安铁路职业技术学院,陕西,理工类,开设专业,96.6万
854,凯里学院,贵州,师范类,开设专业,96.6万
855,武汉晴川学院,湖北,综合类,开设专业,96.4万
856,内蒙古科技大学包头医学院,内蒙古,医药类,开设专业,96.3万
857,南方科技大学,广东,理工类,开设专业,95.7万
858,湖北工业大学工程技术学院,湖北,理工类,开设专业,95.6万
859,天津体育学院,天津,体育类,开设专业,95.6万
860,青海民族大学,青海,民族类,开设专业,95.6万
861,南京航空航天大学金城学院,江苏,理工类,开设专业,95.5万
862,红河学院,云南,综合类,开设专业,95.1万
863,沈阳工学院,辽宁,理工类,开设专业,94.7万
864,长春工业大学人文信息学院,吉林,理工类,开设专业,94.7万
865,通化师范学院,吉林,师范类,开设专业,94.2万
866,沈阳城市建设学院,辽宁,理工类,开设专业,93.6万
867,河池学院,广西,综合类,开设专业,93.6万
868,南京工业大学浦江学院,江苏,理工类,开设专业,93.3万
869,陕西警官职业学院,陕西,政法类,开设专业,93.3万
870,大庆师范学院,黑龙江,师范类,开设专业,93.2万
871,天津师范大学津沽学院,天津,综合类,开设专业,93.1万
872,安康学院,陕西,综合类,开设专业,92.9万
873,上海音乐学院,上海,艺术类,开设专业,92.8万
874,黑河学院,黑龙江,综合类,开设专业,92.5万
875,四川建筑职业技术学院,四川,理工类,开设专业,92.4万
876,湖南交通职业技术学院,湖南,理工类,开设专业,92.2万
877,南京师范大学泰州学院,江苏,师范类,开设专业,92.2万
878,长春科技学院,吉林,综合类,开设专业,92万
879,北京第二外国语学院中瑞酒店管理学院,北京,语言类,开设专业,91.2万
880,长治学院,山西,综合类,开设专业,91.1万
881,中国计量大学现代科技学院,浙江,理工类,开设专业,91万
882,重庆三峡医药高等专科学校,重庆,医药类,开设专业,91万
883,沧州师范学院,河北,师范类,开设专业,90.8万
884,巢湖学院,安徽,综合类,开设专业,90.8万
885,电子科技大学中山学院,广东,综合类,开设专业,90.7万
886,威海职业学院,山东,综合类,开设专业,90.5万
887,大连艺术学院,辽宁,艺术类,开设专业,90.5万
888,北京工业大学耿丹学院,北京,综合类,开设专业,90.5万
889,黑龙江职业学院,黑龙江,综合类,开设专业,90.4万
890,湖北警官学院,湖北,政法类,开设专业,90.4万
891,陕西科技大学镐京学院,陕西,理工类,开设专业,90.3万
892,福州大学至诚学院,福建,理工类,开设专业,90.1万
893,重庆建筑工程职业学院,重庆,理工类,开设专业,89.9万
894,天津天狮学院,天津,综合类,开设专业,89.8万
895,重庆电子工程职业学院,重庆,理工类,开设专业,89.5万
896,山东管理学院,山东,综合类,开设专业,89.5万
897,火箭军工程大学,陕西,军事类,开设专业,89.5万
898,哈尔滨铁道职业技术学院,黑龙江,理工类,开设专业,89.5万
899,长沙理工大学城南学院,湖南,理工类,开设专业,88.9万
900,四川音乐学院,四川,艺术类,开设专业,88.8万
901,江苏大学京江学院,江苏,综合类,开设专业,88.6万
902,顺德职业技术学院,广东,综合类,开设专业,88.5万
903,闽南理工学院,福建,理工类,开设专业,88.4万
904,大连科技学院,辽宁,理工类,开设专业,88.2万
905,山东农业工程学院,山东,综合类,开设专业,87.9万
906,天津中德应用技术大学,天津,理工类,开设专业,87.8万
907,重庆财经职业学院,重庆,财经类,开设专业,87.7万
908,南京信息工程大学滨江学院,江苏,理工类,开设专业,87.3万
909,安徽医学高等专科学校,安徽,医药类,开设专业,86.6万
910,琼台师范学院,海南,师范类,开设专业,86.4万
911,重庆工程学院,重庆,理工类,开设专业,86.2万
912,菏泽医学专科学校,山东,医药类,开设专业,86.2万
913,苏州大学文正学院,江苏,综合类,开设专业,86.2万
914,中国人民解放军空军预警学院,湖北,军事类,开设专业,86.1万
915,四川工程职业技术学院,四川,理工类,开设专业,86万
916,曲靖师范学院,云南,师范类,开设专业,85.8万
917,昆明冶金高等专科学校,云南,理工类,开设专业,85.7万
918,吉林工程技术师范学院,吉林,师范类,开设专业,85.6万
919,云南师范大学文理学院,云南,师范类,开设专业,85.5万
920,河北农业大学现代科技学院,河北,农林类,开设专业,85.5万
921,大连职业技术学院,辽宁,理工类,开设专业,85.3万
922,绥化学院,黑龙江,综合类,开设专业,85.2万
923,呼伦贝尔学院,内蒙古,综合类,开设专业,85万
924,中国信息大学,北京,综合类,开设专业,84.3万
925,西藏民族大学,西藏,民族类,开设专业,84.2万
926,广州工商学院,广东,财经类,开设专业,84.1万
927,贵州商学院,贵州,财经类,开设专业,83.7万
928,烟台南山学院,山东,综合类,开设专业,83.3万
929,忻州师范学院,山西,师范类,开设专业,83.2万
930,吉林农业科技学院,吉林,农林类,开设专业,83万
931,商丘工学院,河南,理工类,开设专业,82.4万
932,广东培正学院,广东,财经类,开设专业,82.1万
933,天津理工大学中环信息学院,天津,综合类,开设专业,82万
934,重庆工贸职业技术学院,重庆,综合类,开设专业,81.8万
935,贵州工程应用技术学院,贵州,师范类,开设专业,81.7万
936,陇东学院,甘肃,综合类,开设专业,81.6万
937,四川交通职业技术学院,四川,理工类,开设专业,81.5万
938,成都职业技术学院,四川,综合类,开设专业,80.9万
939,贵州大学科技学院,贵州,理工类,开设专业,80.8万
940,天津医学高等专科学校,天津,医药类,开设专业,80.7万
941,黔南民族师范学院,贵州,师范类,开设专业,80.5万
942,公安海警学院,浙江,政法类,开设专业,80.4万
943,长春光华学院,吉林,综合类,开设专业,80.2万
944,贵阳职业技术学院,贵州,理工类,开设专业,79.5万
945,武汉工程大学邮电与信息工程学院,湖北,理工类,开设专业,79.4万
946,吕梁学院,山西,综合类,开设专业,79.3万
947,兰州工业学院,甘肃,理工类,开设专业,79.2万
948,河北工程技术学院,河北,综合类,开设专业,79.1万
949,贺州学院,广西,综合类,开设专业,78.9万
950,上海财经大学浙江学院,浙江,财经类,开设专业,78.2万
951,广东职业技术学院,广东,理工类,开设专业,78.1万
952,山东英才学院,山东,综合类,开设专业,78.1万
953,长江大学文理学院,湖北,理工类,开设专业,78万
954,山东协和学院,山东,医药类,开设专业,78万
955,河南财政金融学院,河南,财经类,开设专业,77.7万
956,贵州理工学院,贵州,理工类,开设专业,77.7万
957,河南牧业经济学院,河南,财经类,开设专业,77.7万
958,湘中幼儿师范高等专科学校,湖南,师范类,开设专业,77.5万
959,重庆艺术工程职业学院,重庆,艺术类,开设专业,77.4万
960,石家庄铁路职业技术学院,河北,理工类,开设专业,77.1万
961,西南交通大学希望学院,四川,综合类,开设专业,76.9万
962,广东机电职业技术学院,广东,理工类,开设专业,76.6万
963,福建江夏学院,福建,财经类,开设专业,76.5万
964,成都纺织高等专科学校,四川,理工类,开设专业,76.4万
965,淄博职业学院,山东,综合类,开设专业,76.2万
966,青岛酒店管理职业技术学院,山东,其他,开设专业,75.8万
967,西安工业大学北方信息工程学院,陕西,理工类,开设专业,75.7万
968,南阳医学高等专科学校,河南,医药类,开设专业,75.6万
969,中国人民解放军陆军装甲兵学院,北京,军事类,开设专业,75.5万
970,楚雄师范学院,云南,师范类,开设专业,75.2万
971,广州体育学院,广东,体育类,开设专业,75.2万
972,香港大学,香港,综合类,开设专业,75万
973,蚌埠学院,安徽,理工类,开设专业,74.9万
974,扬州大学广陵学院,江苏,综合类,开设专业,74.8万
975,广东农工商职业技术学院,广东,综合类,开设专业,74.7万
976,桂林航天工业学院,广西,理工类,开设专业,74.7万
977,武警警官学院,四川,军事类,开设专业,74.4万
978,中央戏剧学院,北京,艺术类,开设专业,74.3万
979,潍坊科技学院,山东,理工类,开设专业,74.1万
980,长沙民政职业技术学院,湖南,理工类,开设专业,74.1万
981,河北中医学院,河北,医药类,开设专业,74万
982,南京理工大学紫金学院,江苏,理工类,开设专业,74万
983,华东交通大学理工学院,江西,理工类,开设专业,73.9万
984,四川民族学院,四川,民族类,开设专业,73.9万
985,九江职业技术学院,江西,理工类,开设专业,73.8万
986,西安医学高等专科学校,陕西,医药类,开设专业,73.7万
987,黎明职业大学,福建,综合类,开设专业,73.4万
988,中南林业科技大学涉外学院,湖南,综合类,开设专业,73.3万
989,澳门大学,澳门,综合类,开设专业,73.3万
990,武昌工学院,湖北,综合类,开设专业,73.2万
991,苏州卫生职业技术学院,江苏,医药类,开设专业,72.9万
992,黑龙江财经学院,黑龙江,财经类,开设专业,72.9万
993,北京京北职业技术学院,北京,理工类,开设专业,72.8万
994,山东艺术学院,山东,艺术类,开设专业,72.5万
995,陕西职业技术学院,陕西,综合类,开设专业,72.5万
996,上海健康医学院,上海,医药类,开设专业,72.5万
997,西安体育学院,陕西,体育类,开设专业,71.9万
998,浙江师范大学行知学院,浙江,综合类,开设专业,71.7万
999,安顺学院,贵州,综合类,开设专业,71.7万
1000,郑州商学院,河南,财经类,开设专业,71.6万
1001,南京师范大学中北学院,江苏,综合类,开设专业,71.6万
1002,江西警察学院,江西,政法类,开设专业,71.6万
1003,广州铁路职业技术学院,广东,理工类,开设专业,71.5万
1004,铜仁学院,贵州,综合类,开设专业,71.1万
1005,苏州职业大学,江苏,理工类,开设专业,71万
1006,安徽职业技术学院,安徽,综合类,开设专业,70.8万
1007,辽宁中医药大学杏林学院,辽宁,医药类,开设专业,70.6万
1008,武汉纺织大学外经贸学院,湖北,理工类,开设专业,70.6万
1009,遵义医药高等专科学校,贵州,医药类,开设专业,70.5万
1010,青岛黄海学院,山东,综合类,开设专业,70.5万
1011,辽宁财贸学院,辽宁,财经类,开设专业,70.5万
1012,芜湖职业技术学院,安徽,理工类,开设专业,70.3万
1013,邢台职业技术学院,河北,理工类,开设专业,69.9万
1014,南京邮电大学通达学院,江苏,综合类,开设专业,69.8万
1015,青岛职业技术学院,山东,综合类,开设专业,69.8万
1016,无锡职业技术学院,江苏,理工类,开设专业,69.6万
1017,武汉设计工程学院,湖北,综合类,开设专业,69.5万
1018,北京电子科技职业学院,北京,理工类,开设专业,69.3万
1019,吉林警察学院,吉林,政法类,开设专业,69.1万
1020,长沙师范学院,湖南,师范类,开设专业,69.1万
1021,安徽水利水电职业技术学院,安徽,理工类,开设专业,68.9万
1022,兰州交通大学博文学院,甘肃,综合类,开设专业,68.8万
1023,北京科技职业学院,北京,理工类,开设专业,68.7万
1024,郑州旅游职业学院,河南,综合类,开设专业,68.5万
1025,内蒙古科技大学包头师范学院,内蒙古,师范类,开设专业,68.4万
1026,池州学院,安徽,综合类,开设专业,68.2万
1027,重庆电讯职业学院,重庆,理工类,开设专业,67.8万
1028,安徽财经大学商学院,安徽,财经类,开设专业,67.6万
1029,湖南警察学院,湖南,政法类,开设专业,67.1万
1030,辽宁警察学院,辽宁,政法类,开设专业,67.1万
1031,南昌工学院,江西,理工类,开设专业,67万
1032,广东轻工职业技术学院,广东,其他,开设专业,66.9万
1033,山东财经大学燕山学院,山东,财经类,开设专业,66.8万
1034,兰州文理学院,甘肃,综合类,开设专业,66.7万
1035,宁波大学科学技术学院,浙江,综合类,开设专业,66.6万
1036,沈阳体育学院,辽宁,体育类,开设专业,66.5万
1037,滨州职业学院,山东,综合类,开设专业,66.5万
1038,天津商业大学宝德学院,天津,财经类,开设专业,66.3万
1039,吉林建筑科技学院,吉林,理工类,开设专业,66.3万
1040,广州商学院,广东,综合类,开设专业,66.2万
1041,济南护理职业学院,山东,医药类,开设专业,66.1万
1042,大连工业大学艺术与信息工程学院,辽宁,综合类,开设专业,66万
1043,北京信息职业技术学院,北京,理工类,开设专业,65.8万
1044,广西民族师范学院,广西,民族类,开设专业,65.6万
1045,上海民航职业技术学院,上海,理工类,开设专业,65.3万
1046,四川中医药高等专科学校,四川,医药类,开设专业,65.2万
1047,广东科学技术职业学院,广东,综合类,开设专业,65.1万
1048,大连医科大学中山学院,辽宁,医药类,开设专业,64.9万
1049,广西大学行健文理学院,广西,综合类,开设专业,64.8万
1050,安徽粮食工程职业学院,安徽,理工类,开设专业,64.7万
1051,武警工程大学,陕西,军事类,开设专业,64.7万
1052,贵州大学明德学院,贵州,理工类,开设专业,64.6万
1053,宁德师范学院,福建,师范类,开设专业,64.4万
1054,山东中医药高等专科学校,山东,医药类,开设专业,64.4万
1055,中国人民解放军空军工程大学,陕西,军事类,开设专业,64.3万
1056,四川外国语大学重庆南方翻译学院,重庆,语言类,开设专业,64.1万
1057,湖北交通职业技术学院,湖北,理工类,开设专业,64.1万
1058,广州民航职业技术学院,广东,理工类,开设专业,63.7万
1059,四川美术学院,重庆,艺术类,开设专业,63.6万
1060,华南农业大学珠江学院,广东,综合类,开设专业,63.5万
1061,山东城市建设职业学院,山东,理工类,开设专业,63万
1062,四川文化艺术学院,四川,艺术类,开设专业,63万
1063,广东科技学院,广东,综合类,开设专业,63万
1064,江西财经大学现代经济管理学院,江西,财经类,开设专业,62.9万
1065,山东科技大学泰山科技学院,山东,综合类,开设专业,62.8万
1066,西南科技大学城市学院,四川,理工类,开设专业,62.7万
1067,北京财贸职业学院,北京,财经类,开设专业,62.5万
1068,安徽警官职业学院,安徽,政法类,开设专业,61.9万
1069,兰州理工大学技术工程学院,甘肃,理工类,开设专业,61.8万
1070,四川旅游学院,四川,综合类,开设专业,61.4万
1071,山西传媒学院,山西,综合类,开设专业,61.4万
1072,湖南铁道职业技术学院,湖南,综合类,开设专业,61.1万
1073,南京特殊教育师范学院,江苏,师范类,开设专业,61万
1074,天津外国语大学滨海外事学院,天津,语言类,开设专业,61万
1075,上海旅游高等专科学校,上海,财经类,开设专业,60.8万
1076,长春医学高等专科学校,吉林,医药类,开设专业,60.8万
1077,吉林师范大学博达学院,吉林,师范类,开设专业,60.8万
1078,北京工业职业技术学院,北京,理工类,开设专业,60.8万
1079,武汉交通职业学院,湖北,理工类,开设专业,60.7万
1080,安徽中医药高等专科学校,安徽,医药类,开设专业,60.6万
1081,肇庆医学高等专科学校,广东,医药类,开设专业,60.5万
1082,苏州大学应用技术学院,江苏,综合类,开设专业,60.5万
1083,潍坊理工学院,山东,综合类,开设专业,60.4万
1084,浙江工商大学杭州商学院,浙江,财经类,开设专业,60.1万
1085,焦作师范高等专科学校,河南,师范类,开设专业,59.9万
1086,南昌大学科学技术学院,江西,综合类,开设专业,59.5万
1087,伊犁师范大学,新疆,师范类,开设专业,59.3万
1088,长江大学工程技术学院,湖北,理工类,开设专业,59万
1089,广西艺术学院,广西,艺术类,开设专业,58.9万
1090,长春理工大学光电信息学院,吉林,理工类,开设专业,58.9万
1091,河北民族师范学院,河北,师范类,开设专业,58.8万
1092,广东海洋大学寸金学院,广东,综合类,开设专业,58.8万
1093,中央美术学院,北京,艺术类,开设专业,58.7万
1094,石家庄邮电职业技术学院,河北,理工类,开设专业,58.4万
1095,湖南高速铁路职业技术学院,湖南,理工类,开设专业,58.4万
1096,广州番禺职业技术学院,广东,综合类,开设专业,58.3万
1097,福建师范大学协和学院,福建,综合类,开设专业,58.3万
1098,信阳农林学院,河南,农林类,开设专业,58.1万
1099,江苏师范大学科文学院,江苏,综合类,开设专业,58万
1100,东莞理工学院城市学院,广东,理工类,开设专业,58万
1101,文山学院,云南,综合类,开设专业,57.8万
1102,济南职业学院,山东,综合类,开设专业,57.3万
1103,湖南化工职业技术学院,湖南,理工类,开设专业,57.2万
1104,聊城大学东昌学院,山东,综合类,开设专业,57.1万
1105,常州大学怀德学院,江苏,理工类,开设专业,57.1万
1106,中国人民解放军陆军军事交通学院,天津,军事类,开设专业,56.6万
1107,河北美术学院,河北,艺术类,开设专业,56.5万
1108,南通大学杏林学院,江苏,综合类,开设专业,56.2万
1109,湖北医药学院药护学院,湖北,医药类,开设专业,56.2万
1110,中国科学院大学,北京,综合类,开设专业,56.2万
1111,太原学院,山西,综合类,开设专业,56万
1112,广西师范大学漓江学院,广西,综合类,开设专业,56万
1113,湖南商务职业技术学院,湖南,财经类,开设专业,56万
1114,中央音乐学院,北京,艺术类,开设专业,55.8万
1115,江苏建筑职业技术学院,江苏,理工类,开设专业,55.7万
1116,天津铁道职业技术学院,天津,理工类,开设专业,55.4万
1117,华北理工大学轻工学院,河北,理工类,开设专业,55.4万
1118,武汉传媒学院,湖北,艺术类,开设专业,55.3万
1119,广东水利电力职业技术学院,广东,理工类,开设专业,55.3万
1120,长沙南方职业学院,湖南,综合类,开设专业,55.2万
1121,喀什大学,新疆,师范类,开设专业,55.1万
1122,广西科技大学鹿山学院,广西,理工类,开设专业,55万
1123,苏州科技大学天平学院,江苏,综合类,开设专业,54.9万
1124,江苏海事职业技术学院,江苏,综合类,开设专业,54.9万
1125,桂林电子科技大学信息科技学院,广西,综合类,开设专业,54.8万
1126,浙江金融职业学院,浙江,财经类,开设专业,54.8万
1127,平顶山工业职业技术学院,河南,理工类,开设专业,54.7万
1128,景德镇学院,江西,综合类,开设专业,54.7万
1129,江西中医药大学科技学院,江西,医药类,开设专业,54.6万
1130,南昌大学共青学院,江西,综合类,开设专业,54.6万
1131,阳光学院,福建,理工类,开设专业,54.6万
1132,南宁职业技术学院,广西,综合类,开设专业,54.3万
1133,广州科技职业技术大学,广东,综合类,开设专业,54.3万
1134,湖北大学知行学院,湖北,理工类,开设专业,54.2万
1135,南京医科大学康达学院,江苏,综合类,开设专业,54万
1136,张家口学院,河北,师范类,开设专业,54万
1137,黄河交通学院,河南,理工类,开设专业,53.9万
1138,上海科技大学,上海,理工类,开设专业,53.9万
1139,河北科技学院,河北,理工类,开设专业,53.9万
1140,贵州财经大学商务学院,贵州,财经类,开设专业,53.9万
1141,安徽三联学院,安徽,理工类,开设专业,53.9万
1142,上海理工大学中英国际学院,上海,理工类,开设专业,53.8万
1143,深圳信息职业技术学院,广东,理工类,开设专业,53.7万
1144,汉江师范学院,湖北,师范类,开设专业,53.5万
1145,广州城建职业学院,广东,理工类,开设专业,53.5万
1146,萍乡学院,江西,综合类,开设专业,53.4万
1147,青岛农业大学海都学院,山东,综合类,开设专业,53.3万
1148,云南艺术学院,云南,艺术类,开设专业,53.3万
1149,衢州学院,浙江,综合类,开设专业,53.3万
1150,湖南城建职业技术学院,湖南,理工类,开设专业,53.2万
1151,广东工业大学华立学院,广东,理工类,开设专业,53.1万
1152,陕西国防工业职业技术学院,陕西,理工类,开设专业,52.9万
1153,太原理工大学现代科技学院,山西,理工类,开设专业,52.6万
1154,杨凌职业技术学院,陕西,农林类,开设专业,52.5万
1155,浙江水利水电学院,浙江,理工类,开设专业,52.4万
1156,浙江树人学院,浙江,理工类,开设专业,52.3万
1157,保定职业技术学院,河北,综合类,开设专业,52.3万
1158,广东司法警官职业学院,广东,政法类,开设专业,52.2万
1159,烟台职业学院,山东,综合类,开设专业,52.1万
1160,山东交通职业学院,山东,综合类,开设专业,52.1万
1161,西安电力高等专科学校,陕西,理工类,开设专业,52万
1162,沈阳科技学院,辽宁,理工类,开设专业,51.9万
1163,贵州警察学院,贵州,政法类,开设专业,51.7万
1164,黄河水利职业技术学院,河南,理工类,开设专业,51.7万
1165,南宁学院,广西,理工类,开设专业,51.7万
1166,陕西航空职业技术学院,陕西,理工类,开设专业,51.6万
1167,河北水利电力学院,河北,理工类,开设专业,51.5万
1168,成都农业科技职业学院,四川,农林类,开设专业,51.5万
1169,郑州电子信息职业技术学院,河南,综合类,开设专业,51.5万
1170,四川工业科技学院,四川,综合类,开设专业,51.5万
1171,中国矿业大学银川学院,宁夏,综合类,开设专业,51.4万
1172,山东体育学院,山东,体育类,开设专业,51.2万
1173,天津滨海职业学院,天津,综合类,开设专业,51.1万
1174,广西民族大学相思湖学院,广西,民族类,开设专业,51.1万
1175,广西中医药大学赛恩斯新医药学院,广西,医药类,开设专业,51万
1176,常州纺织服装职业技术学院,江苏,理工类,开设专业,50.9万
1177,中国美术学院,浙江,艺术类,开设专业,50.9万
1178,湖北师范大学文理学院,湖北,师范类,开设专业,50.9万
1179,陕西交通职业技术学院,陕西,理工类,开设专业,50.8万
1180,广州南洋理工职业学院,广东,理工类,开设专业,50.5万
1181,西安电力高等专科学校,陕西,理工类,开设专业,52万
1182,沈阳科技学院,辽宁,理工类,开设专业,51.9万
1183,贵州警察学院,贵州,政法类,开设专业,51.7万
1184,黄河水利职业技术学院,河南,理工类,开设专业,51.7万
1185,南宁学院,广西,理工类,开设专业,51.7万
1186,陕西航空职业技术学院,陕西,理工类,开设专业,51.6万
1187,河北水利电力学院,河北,理工类,开设专业,51.5万
1188,成都农业科技职业学院,四川,农林类,开设专业,51.5万
1189,郑州电子信息职业技术学院,河南,综合类,开设专业,51.5万
1190,四川工业科技学院,四川,综合类,开设专业,51.5万
1191,中国矿业大学银川学院,宁夏,综合类,开设专业,51.4万
1192,山东体育学院,山东,体育类,开设专业,51.2万
1193,天津滨海职业学院,天津,综合类,开设专业,51.1万
1194,广西民族大学相思湖学院,广西,民族类,开设专业,51.1万
1195,广西中医药大学赛恩斯新医药学院,广西,医药类,开设专业,51万
1196,常州纺织服装职业技术学院,江苏,理工类,开设专业,50.9万
1197,中国美术学院,浙江,艺术类,开设专业,50.9万
1198,湖北师范大学文理学院,湖北,师范类,开设专业,50.9万
1199,陕西交通职业技术学院,陕西,理工类,开设专业,50.8万
1200,广州南洋理工职业学院,广东,理工类,开设专业,50.5万
